spot,zone,category,stay_minutes,joy
Medici,West Campus,coffee,45,10
Life Science Library,Campus,study,90,8
PCL,Campus,study,90,5
Texas Union,Campus,study,60,5
Mozart's,Lake Austin,coffee,60,8
Two Hands,Campus,coffee,45,6
Hillside Farmacy,East Austin,brunch,75,8
Josephine House,Clarksville,brunch,75,8
Café No Sé,South Congress,brunch,75,7
Yamas,Downtown,dinner,75,9
Numero 28,Downtown,dinner,90,10
South Congress shops,South Congress,shopping,90,8
The Domain,Domain,shopping,120,7
Prana Wellness Club,Clarksville,pilates,60,7
The Little Bisque,North Loop,creative,120,9
Mosaic Workshop,East Austin,creative,120,9
7th Street Candle,East Austin,creative,75,7
