title,author,shelf
The Hating Game,Sally Thorne,romance
The Unhoneymooners,Christina Lauren,romance
People We Meet on Vacation,Emily Henry,romance
You Deserve Each Other,Sarah Hogle,romance
The Spanish Love Deception,Elena Armas,romance
By a Thread,Lucy Score,romance
The Devil You Know,Elizabeth O'Roark,romance
The Ex Talk,Rachel Lynn Solomon,romance
Funny Story,Emily Henry,romance
The American Roommate Experiment,Elena Armas,romance
The Worst Best Man,Mia Sosa,romance
The Deal,Elle Kennedy,romance
The Love Hypothesis,Ali Hazelwood,romance
Atomic Habits,James Clear,changed how I live
The Let Them Theory,Mel Robbins,changed how I live
How to Win Friends and Influence People,Dale Carnegie,changed how I live
Ikigai,Héctor García,changed how I live
The 48 Laws of Power,Robert Greene,changed how I live
Onward,Howard Schultz,behind the business
The Design of Everyday Things,Don Norman,behind the business
Inspired,Marty Cagan,behind the business
Creative Confidence,Tom Kelley,behind the business
The Innovator's Dilemma,Clayton Christensen,behind the business
Competing Against Luck,Clayton Christensen,behind the business
Shoe Dog,Phil Knight,behind the business
"Creativity, Inc.",Ed Catmull,behind the business
Alchemy,Rory Sutherland,behind the business
The Choice Factory,Richard Shotton,behind the business
Decoded,Phil Barden,behind the business
Influence,Robert Cialdini,behind the business
