spot,zone,category,stay_minutes,joy,moods,dressy,note
Medici,West Campus,coffee,60,10,foodie|productive|slow|social,,vanilla latte
Mozart's,Lake Austin,coffee,60,8,creative|foodie|productive|slow,,lake view
Black Fox,Downtown,coffee,30,7,foodie|outside|productive|shopping,,
Two Hands,Campus,coffee,30,7,foodie|productive|shopping|social,,
Jo's Coffee,South Congress,coffee,30,8,creative|foodie|shopping|social,,the I love you so much mural
Epoch Coffee,North Loop,coffee,90,8,creative|foodie|productive,,open 24/7
Bennu Coffee,East Austin,coffee,90,7,foodie|productive,,open 24/7
Haraz Coffee House,Campus,coffee,90,7,foodie|productive|shopping,,right across from campus
Merit Coffee,South Lamar,coffee,60,7,foodie|productive|slow,,
Figure 8 Coffee,East Austin,coffee,60,8,foodie|productive|slow,,
Sa-Ten,East Austin,coffee,60,8,foodie|productive|slow,,matcha and toast
Fleet Coffee,East Austin,coffee,30,8,foodie|outside,,tiny and perfect
Radio Coffee & Beer,South Lamar,coffee,60,8,creative|foodie|outside|social,,the big patio
Cosmic Coffee + Beer Garden,South Congress,coffee,90,8,foodie|shopping|slow|social,,the garden
Life Science Library,Campus,study,90,8,productive|slow,,the prettiest study spot
PCL,Campus,study,120,5,productive,,lock-in mode
Texas Union,Campus,study,60,5,productive,,
Austin Central Library,Downtown,study,120,9,creative|productive|slow,,the rooftop garden
Blanton Museum of Art,Campus,museum,90,8,creative|slow,,Ellsworth Kelly's Austin
Harry Ransom Center,Campus,museum,60,7,creative|productive|slow,,the Gutenberg Bible
Bullock Museum,Campus,museum,90,7,productive,,Texas history
Hillside Farmacy,East Austin,brunch,90,8,foodie|slow|social,,
Josephine House,Clarksville,brunch,90,8,day-in|foodie|slow,,
Café No Sé,South Congress,brunch,90,7,creative|foodie|shopping|social,,
Snooze,North Loop,brunch,90,8,day-in|foodie|social,,"pancake flight: pineapple upside-down, cinnamon, banana bliss"
June's All Day,South Congress,brunch,90,8,foodie|shopping|social,,pastries and mimosas
Toastique,Domain,brunch,60,8,foodie|shopping|treat-myself,,smoothie bowls and fancy toast
Juliet,Zilker,brunch,90,8,foodie|social,yes,the pink patio
Kerbey Lane Cafe,Campus,brunch,60,7,day-in|foodie|shopping|social,,queso and pancakes
Magnolia Cafe,South Congress,brunch,60,7,day-in|foodie|shopping,,gingerbread pancakes
Bouldin Creek Cafe,South Congress,brunch,60,7,day-in|foodie|shopping|slow,,
Paperboy,East Austin,brunch,60,8,foodie|outside|slow,,
Bird Bird Biscuit,East Austin,brunch,30,8,day-in|foodie|outside,,the Queen Beak
Sweetgreen,Campus,lunch,30,6,foodie|outside|productive|shopping,,custom guacamole greens bowl
Veracruz,East Austin,lunch,30,7,creative|foodie|outside|social,,
Torchy's Tacos,South Congress,lunch,30,7,foodie|outside|shopping|social,,trailer park
Tacodeli,Barton Creek,lunch,30,7,foodie|outside,,
Taco Joint,West Campus,lunch,30,6,foodie|productive,,
Better Half,Clarksville,lunch,60,8,foodie|slow,,patio lunch
Franklin Barbecue,East Austin,lunch,120,9,foodie|social,,worth the line
The Little Bisque,North Loop,creative,120,9,creative,,pottery painting
Rosa Pottery Studio,East Austin,creative,120,9,creative,,
Mosaic Workshop,East Austin,creative,120,9,creative,,
7th Street Candle,East Austin,creative,90,7,creative,,make your own candle
South Congress,South Congress,shopping,90,8,foodie|shopping|social,,Kendra Scott and Tecovas
The Domain,Domain,shopping,150,8,shopping|treat-myself,,"Reformation, Anine Bing, Nordstrom"
Barton Creek Mall,Barton Creek,shopping,90,6,shopping|social,,
Allen's Boots,South Congress,shopping,60,8,shopping|social,,rows and rows of boots
BookPeople,Downtown,shopping,60,9,creative|productive|shopping|slow,,the best bookstore in Texas
Waterloo Records,Downtown,shopping,45,7,creative|shopping|slow|social,,
SFC Farmers' Market,Downtown,market,60,8,foodie|shopping|slow|social,,Saturday mornings at Republic Square
Barton Creek Farmers Market,Barton Creek,market,60,7,foodie|outside|shopping|social,,
M Vince Nail Spa,Domain,nails,90,9,treat-myself,,chandelier and a glass of something
Milano Nail Spa,East Austin,nails,90,9,treat-myself,,the big glam one
Caesars Nail Salon & Spa,Domain,nails,90,7,treat-myself,,
Prana Wellness Club,Clarksville,exercise,60,8,productive,,Pilates: the best reset
CorePower Yoga,West Campus,exercise,60,8,productive|slow,,
[solidcore],South Congress,exercise,60,7,productive,,Pilates
Barton Creek Greenbelt,Barton Creek,hike,120,9,outside,,hike to the Gus Fruh swimming hole
Mount Bonnell,Lake Austin,hike,60,8,outside|social,,the best view in town
Lady Bird Lake Trail,Downtown,park,90,8,foodie|outside|slow,,walk a piece of the 10-mile loop
Lady Bird Lake Kayak,Zilker,paddle,90,9,outside|social,,kayak or paddleboard from the Rowing Dock
Barton Springs Pool,Zilker,swim,120,9,outside|social,,"the coldest, prettiest swim"
Deep Eddy Pool,Lake Austin,swim,90,8,outside,,the oldest pool in Texas
Hamilton Pool Preserve,Hill Country,swim,150,9,outside,,book ahead and go early
Zilker Park,Zilker,park,90,8,foodie|social,,picnic and people watching
Zilker Botanical Garden,Zilker,park,60,8,slow,,the Japanese garden
Laguna Gloria,Lake Austin,park,60,8,creative|slow,,art on the lake
Mayfield Park,Lake Austin,park,45,7,slow,,the peacocks
Congress Bridge Bats,Downtown,sunset,30,8,foodie|outside|social,,1.5 million bats at dusk
Victory Lap,West Campus,hangout,150,10,social,,the game on the jumbotron
Topgolf,Domain,hangout,120,8,social,,
Alamo Drafthouse,South Lamar,cinema,150,9,slow|social,,dinner and a movie in one
Amy's Ice Creams,Campus,treat,30,8,foodie|shopping|slow|social,,Mexican vanilla
Lick Honest Ice Creams,South Lamar,treat,30,8,foodie|slow,,goat cheese thyme and honey
Big Top Candy Shop,South Congress,treat,30,7,foodie|shopping|social,,
Numero 28,Downtown,dinner,90,10,foodie|slow|social,yes,good memories
Yamas,Downtown,dinner,90,9,foodie|social,yes,Mediterranean
Aba,South Congress,dinner,90,10,foodie|social,yes,Mediterranean. My favorite
Éma,Domain,dinner,90,9,foodie|treat-myself,yes,Mediterranean
Clay Pit,Downtown,dinner,90,9,foodie|productive|slow,,North Indian
Tarka,West Campus,dinner,60,7,foodie|productive,,North Indian
Saffron,Domain,dinner,90,8,foodie|treat-myself,,North Indian
El Alma,Zilker,dinner,90,8,foodie|outside|social,,Mexican
Arriba Abajo,East Austin,dinner,90,7,foodie|social,,Mexican
Roya,Downtown,dinner,90,8,foodie|slow,yes,Persian
North Italia,Domain,dinner,90,7,foodie|treat-myself,,
Uchi,South Lamar,dinner,120,9,foodie|social,yes,the sushi splurge
Launderette,East Austin,dinner,90,9,foodie|slow,yes,birthday cake ice cream sandwich
Suerte,East Austin,dinner,90,8,foodie|social,,suadero tacos
Odd Duck,South Lamar,dinner,90,8,foodie|slow,,
Matt's El Rancho,South Lamar,dinner,90,8,foodie|social,,Bob Armstrong dip
Perla's,South Congress,dinner,90,8,foodie|social,yes,
Mattie's,South Congress,dinner,90,8,foodie|slow,,the peacocks
Terry Black's,Zilker,dinner,90,8,foodie|outside|social,,brisket
Guero's Taco Bar,South Congress,dinner,90,7,creative|foodie|outside|social,,
Loro,South Lamar,dinner,90,8,foodie|outside|social,,
Ramen Tatsu-Ya,South Lamar,dinner,60,8,foodie|productive|slow,,
Pizza Press,West Campus,late night,30,6,foodie|productive|social,,the late-night guilty pleasure
Voodoo Doughnut,Downtown,late night,30,6,foodie|social,,
Pizza Press (order in),Home,order in,30,9,day-in,,the guilty pleasure comes to you
Home Slice (order in),Home,order in,30,8,day-in,,
Via 313 (order in),Home,order in,30,8,day-in,,Detroit-style
Tiff's Treats (delivered),Home,treat,30,8,day-in,,warm cookies at the door
Movie night,Home,movie,120,9,day-in,,
Face mask and a long shower,Home,self care,60,8,day-in,,everything shower
Make a fruit bowl,Home,snack,30,8,day-in,,strawberries and mango
Kerbey Lane (delivered),Home,brunch,60,8,day-in,,pancakes in pajamas
Sweetgreen (delivered),Home,lunch,30,7,day-in,,
Thunderbird Coffee,East Austin,coffee,60,7,creative|foodie|productive,,
Seventh Flag Coffee,South Congress,coffee,60,7,foodie|productive|shopping|slow,,
Counter Café,Downtown,brunch,60,8,foodie|shopping|slow,,"tiny diner, big pancakes"
Tiny Boxwoods,Clarksville,brunch,60,8,foodie,,the chocolate chip cookies
Joann's Fine Foods,South Congress,brunch,90,8,creative|foodie|shopping|social,,at the Austin Motel
Elizabeth Street Café,South Congress,brunch,90,8,foodie|shopping,yes,pastel French-Vietnamese
Cenote,East Austin,brunch,60,7,foodie|productive|slow,,
Walton's Fancy and Staple,Downtown,brunch,60,8,foodie|shopping|slow,,
Phoebe's Diner,South Congress,brunch,60,7,foodie|shopping|social,,
Blue Dahlia Bistro,East Austin,brunch,60,7,foodie|slow,,
Moonshine Grill,Downtown,brunch,90,8,foodie|shopping|social,,the famous brunch buffet
Haywire,Domain,brunch,90,8,foodie|shopping|treat-myself,,blueberry biscuits
Micklethwait Craft Meats,East Austin,lunch,60,9,foodie,,brisket from a trailer
La Barbecue,East Austin,lunch,90,9,foodie|social,,
Kerlin BBQ,East Austin,lunch,60,8,foodie,,
Home Slice Pizza,South Congress,lunch,60,8,creative|foodie|shopping|social,,a slice on SoCo
Mi Madre's,East Austin,lunch,60,8,foodie|outside,,breakfast tacos all day
Chi'Lantro,Campus,lunch,30,7,creative|foodie|productive|shopping,,kimchi fries
P. Terry's,South Lamar,lunch,30,7,foodie|outside|productive,,
Uncle Nicky's,North Loop,lunch,60,7,foodie|slow,,
The Picnic,Zilker,lunch,60,7,foodie|outside|social,,food trucks by the park
True Food Kitchen,Domain,lunch,60,7,foodie|shopping|treat-myself,,
Jeffrey's,Clarksville,dinner,120,9,foodie,yes,the fancy one
Clark's Oyster Bar,Clarksville,dinner,90,8,foodie,yes,
Barley Swine,North Loop,dinner,120,9,foodie,yes,
Olamaie,Downtown,dinner,90,9,foodie|slow,yes,the biscuits
Uchiko,North Loop,dinner,120,9,foodie,yes,
Kemuri Tatsu-ya,East Austin,dinner,90,8,foodie|social,,
Nixta Taqueria,East Austin,dinner,60,9,creative|foodie,,
Fonda San Miguel,North Loop,dinner,90,8,foodie|slow,yes,the most beautiful dining room
Hopdoddy,South Congress,dinner,60,7,foodie|outside|social,,burgers and truffle fries
Chuy's,Zilker,dinner,60,7,creative|foodie|social,,
Maie Day,South Congress,dinner,90,8,foodie,yes,
Red Ash,Downtown,dinner,90,8,foodie,yes,
Hestia,Downtown,dinner,120,9,foodie,yes,the splurge
The Salt Lick,Hill Country,dinner,90,9,foodie|outside,,BBQ under the oaks
Dai Due,East Austin,dinner,90,8,foodie|slow,,
Gourdough's,South Lamar,late night,30,7,foodie|social,,giant doughnuts
Whataburger,Campus,late night,30,6,foodie|productive|social,,the honey butter chicken biscuit
Dolce Neve,South Congress,treat,30,8,foodie|shopping|slow,,gelato
Sweet Ritual,North Loop,treat,30,7,foodie|slow,,
Hey Cupcake!,South Congress,treat,30,7,foodie|shopping|social,,the silver trailer
Tiny Pies,South Lamar,treat,30,7,foodie|slow,,
Jeni's Splendid Ice Creams,South Congress,treat,30,8,foodie|shopping,,
Toy Joy,Downtown,shopping,45,7,creative|shopping|slow,,
Half Price Books,North Loop,shopping,60,7,productive|shopping|slow,,
Buffalo Exchange,Campus,shopping,60,7,creative|shopping|social,,thrift finds
Feathers Boutique,South Congress,shopping,60,7,creative|shopping,,vintage
Second Street District,Downtown,shopping,90,7,foodie|shopping|social,,
Antone's Record Shop,North Loop,shopping,45,7,creative|shopping,,
McKinney Falls State Park,Southeast,hike,120,8,outside,,waterfalls and limestone
Bull Creek District Park,Northwest,swim,90,8,outside,,wade the creek
Pease Park,Clarksville,park,60,7,foodie|slow|social,,
Sculpture Falls,Barton Creek,hike,120,8,outside,,
Pedernales Falls State Park,Hill Country,hike,150,9,outside,,
Jacob's Well,Hill Country,swim,120,9,outside,,book ahead
Krause Springs,Hill Country,swim,150,8,outside,,
Auditorium Shores,Downtown,park,60,7,foodie|slow|social,,the dog park
Texas Rowing Center,Lake Austin,paddle,90,8,outside,,
Lady Bird Johnson Wildflower Center,Southwest,park,90,9,creative|slow,,
Austin Bouldering Project,East Austin,exercise,90,8,outside|social,,climbing
Austin FC at Q2 Stadium,Domain,game,180,9,social,,match days only
Longhorns at DKR,Campus,game,240,10,social,,home game days only. Hook 'em
Cidercade,East Austin,hangout,120,8,creative|social,,arcade games
Continental Club,South Congress,live music,120,9,creative|social,,
Antone's,Downtown,live music,120,9,creative,,
ACL Live at the Moody Theater,Downtown,live music,150,9,creative,yes,
Mohawk,Downtown,live music,120,8,creative|social,,
Cactus Cafe,Campus,live music,90,8,creative|slow,,acoustic
Saxon Pub,South Lamar,live music,120,8,creative,,
The White Horse,East Austin,live music,120,8,creative|social,,two-step lessons
Broken Spoke,South Lamar,live music,150,9,creative|social,,two-stepping since 1964
Stubb's,Downtown,live music,150,9,creative|social,,
Greetings from Austin mural,South Congress,murals,30,8,creative|foodie|social,,
"Hi, How Are You mural",Campus,murals,30,7,creative|foodie,,
Willie Nelson statue,Downtown,murals,30,7,creative,,
Texas State Capitol,Downtown,museum,60,8,creative|productive,,taller than the U.S. Capitol
LBJ Presidential Library,Campus,museum,90,8,creative|productive,,
Mexic-Arte Museum,Downtown,museum,60,7,creative,,
Umlauf Sculpture Garden,Zilker,museum,60,8,creative|slow,,
Elisabet Ney Museum,North Loop,museum,60,7,creative|slow,,
Museum of the Weird,Downtown,museum,45,7,creative|social,,
Texas Science & Natural History Museum,Campus,museum,90,7,productive,,
Austin Nature & Science Center,Zilker,museum,60,7,outside|slow,,
Viva Day Spa,Domain,spa,90,9,treat-myself,,massage and a steam
Doug Sahm Hill,Zilker,sunset,30,8,foodie|slow|social,,the skyline at sunset
Pennybacker Bridge overlook,Northwest,sunset,45,9,outside,,the 360 bridge view
Read a book,Home,read,90,8,day-in|slow,,
Binge a comfort show,Home,show,120,8,day-in,,
Bake cookies,Home,snack,60,8,day-in,,
Board games,Home,games,60,7,day-in,,
Mueller Lake Park,Mueller,park,60,7,foodie|slow|social,,
Colleen's Kitchen,Mueller,brunch,60,8,foodie|slow,,
Thinkery,Mueller,museum,90,7,creative,,the hands-on science museum
JuiceLand (Guadalupe),Campus,smoothie,30,7,foodie|outside|productive|slow|social,,
JuiceLand (Barton Springs),Zilker,smoothie,30,8,foodie|outside|slow|social,,the Barton Springs original
